customer_id,name,email,country
1,Judy Reid,judy.reid@example.com,ES
2,Christopher Cardenas,christopher.cardenas@example.com,fr 
3,Joe Shields,joe.shields@example.com,FR
4,Jeffrey Nelson,jeffrey.nelson@example.com,FR
5,Gregory Chapman,gregory.chapman@example.com,ES
6,Tammy Horne,tammy.horne@example.com,DE
7,Richard Thomas,richard.thomas@example.com,us
8,William Martinez,william.martinez@example.com,FR
9,Dr. James Harris,dr..james.harris@example.com,fr 
10,Tyler Miller,tyler.miller@example.com,ES
11,Kayla Gonzalez,kayla.gonzalez@example.com,FR
12,Joe Watson,joe.watson@example.com,ES
13,Albert Mills,albert.mills@example.com,fr 
14,Tiffany Moody,tiffany.moody@example.com,ES
15,Ralph Mathews,ralph.mathews@example.com,fr 
16,Karina Williams,karina.williams@example.com,DE
17,Nicholas Stokes,nicholas.stokes@example.com,FR
18,Autumn Perez,autumn.perez@example.com,DE 
19,Grant Nunez,grant.nunez@example.com,FR
20,Danielle Oneal,danielle.oneal@example.com,DE
21,Shannon Hernandez,shannon.hernandez@example.com,FR
22,Sarah Perez,sarah.perez@example.com,FR
23,Gina Guerrero,gina.guerrero@example.com,FR
24,Scott Sullivan,scott.sullivan@example.com,FR
25,Robert Young,robert.young@example.com,us
26,Cody Ortiz,cody.ortiz@example.com,fr 
27,Roy Bennett,roy.bennett@example.com,fr 
28,John Ramos,john.ramos@example.com,ES
29,Wendy Sanders,wendy.sanders@example.com,FR
30,Fred Peterson,fred.peterson@example.com,DE 
31,Carlos King,carlos.king@example.com,FR
32,Terri Warren,terri.warren@example.com,DE
33,Cameron Lee,cameron.lee@example.com,DE
34,Jenna Jackson,jenna.jackson@example.com,DE 
35,Nicholas Carlson,nicholas.carlson@example.com,DE
36,John Small,john.small@example.com,us
37,Richard Brown,richard.brown@example.com,FR
38,Elizabeth Clements,elizabeth.clements@example.com,us
39,Kristen Butler,kristen.butler@example.com,us
40,Trevor Bailey,trevor.bailey@example.com,FR
41,Theresa Leblanc,theresa.leblanc@example.com,us
42,Allison Anderson,allison.anderson@example.com,ES
43,Robert White,robert.white@example.com,FR
44,Gabrielle Wilson,gabrielle.wilson@example.com,ES
45,Jorge Marks,jorge.marks@example.com,ES
46,Linda Moon,linda.moon@example.com,FR
47,Philip Brady,philip.brady@example.com,DE 
48,Alicia Garcia,alicia.garcia@example.com,FR
49,Brian Wright,brian.wright@example.com,ES
50,David Sanchez,david.sanchez@example.com,FR
51,Brandon Bishop,brandon.bishop@example.com,DE
52,Amy Martin,amy.martin@example.com,FR
53,Heather Singleton,heather.singleton@example.com,FR
54,Jason Manning,jason.manning@example.com,fr 
55,Diane Schmidt,diane.schmidt@example.com,DE 
56,Nicholas Martin,nicholas.martin@example.com,ES
57,Kristen Baker,kristen.baker@example.com,FR
58,Catherine Burton,catherine.burton@example.com,us
59,Nathan Buchanan,nathan.buchanan@example.com,DE
60,Sandra Wiley,sandra.wiley@example.com,ES
61,Tracy Flores,tracy.flores@example.com,ES
62,Kevin Hernandez,kevin.hernandez@example.com,ES
63,Michelle Patterson,michelle.patterson@example.com,DE 
64,Richard Hebert,richard.hebert@example.com,FR
65,David Mathews,david.mathews@example.com,FR
66,Justin Acevedo,justin.acevedo@example.com,FR
67,Ryan Mccoy DVM,ryan.mccoy.dvm@example.com,DE
68,Suzanne Jones,suzanne.jones@example.com,DE 
69,Samuel Brooks DDS,samuel.brooks.dds@example.com,FR
70,Paul Huff,paul.huff@example.com,DE 
71,Brett Shaw,brett.shaw@example.com,DE
72,Travis Webb,travis.webb@example.com,DE
73,Terri Powell,terri.powell@example.com,ES
74,Jennifer Martinez,jennifer.martinez@example.com,fr 
75,William Wu,william.wu@example.com,DE 
76,Sara Ellis,sara.ellis@example.com,us
77,Ann Davis,ann.davis@example.com,FR
78,William Kelly,william.kelly@example.com,FR
79,Christine Brown,christine.brown@example.com,FR
80,Cameron Adams,cameron.adams@example.com,us
81,Patrick Lawrence,patrick.lawrence@example.com,FR
82,Scott Maddox,scott.maddox@example.com,FR
83,Bobby Walker,bobby.walker@example.com,FR
84,Samantha Miller,samantha.miller@example.com,FR
85,Brandon Sanchez,brandon.sanchez@example.com,DE 
86,Scott Brown,scott.brown@example.com,FR
87,Steven Rice,steven.rice@example.com,FR
88,Kelly Cooke,kelly.cooke@example.com,fr 
89,Mitchell Rodriguez,mitchell.rodriguez@example.com,ES
90,Susan Smith,susan.smith@example.com,DE 
91,Roberto Stevens,roberto.stevens@example.com,FR
92,Jennifer Cameron,jennifer.cameron@example.com,DE 
93,Melissa Soto,melissa.soto@example.com,fr 
94,David Lowe,david.lowe@example.com,us
95,Douglas Dawson,douglas.dawson@example.com,us
96,Emily Jones,emily.jones@example.com,FR
97,Heather Murray,heather.murray@example.com,DE 
98,Michael Anthony,michael.anthony@example.com,fr 
99,Alison Clay,alison.clay@example.com,DE 
100,Duane Baker,duane.baker@example.com,FR
101,Justin Briggs,justin.briggs@example.com,FR
102,Kimberly Villarreal,kimberly.villarreal@example.com,fr 
103,Jacob Morris,jacob.morris@example.com,DE
104,Jacqueline Taylor,jacqueline.taylor@example.com,FR
105,Michael Lyons,michael.lyons@example.com,us
106,Anthony Reyes,anthony.reyes@example.com,ES
107,John Lopez,john.lopez@example.com,us
108,Joseph Wilson,joseph.wilson@example.com,us
109,Eric Frazier,eric.frazier@example.com,ES
110,Jonathan Mclaughlin,jonathan.mclaughlin@example.com,fr 
111,Erica Booth,erica.booth@example.com,FR
112,Anna Johns,anna.johns@example.com,DE
113,Joann Ferrell,joann.ferrell@example.com,FR
114,Brittany Hamilton,brittany.hamilton@example.com,FR
115,Kimberly Hamilton,kimberly.hamilton@example.com,us
116,Catherine Bryant,catherine.bryant@example.com,ES
117,Tony Love,tony.love@example.com,FR
118,Matthew Simon,matthew.simon@example.com,DE 
119,Kyle Leonard,kyle.leonard@example.com,DE
120,Kevin Little,kevin.little@example.com,ES
121,Ebony Edwards,ebony.edwards@example.com,ES
122,Kelli Mitchell,kelli.mitchell@example.com,us
123,Michelle Douglas,michelle.douglas@example.com,fr 
124,Jonathan Price,jonathan.price@example.com,us
125,Bobby Beltran,bobby.beltran@example.com,DE 
126,Mark Tucker,mark.tucker@example.com,ES
127,Linda Martinez,linda.martinez@example.com,DE 
128,Robert Jones,robert.jones@example.com,fr 
129,Michael Harrison,michael.harrison@example.com,fr 
130,Patrick Wilcox,patrick.wilcox@example.com,DE
131,William Dominguez,william.dominguez@example.com,FR
132,Barbara Sparks,barbara.sparks@example.com,FR
133,Terry Hughes,terry.hughes@example.com,FR
134,Jose Reilly,jose.reilly@example.com,ES
135,Scott King,scott.king@example.com,DE
136,Darren Barnett,darren.barnett@example.com,FR
137,Jaime Lara,jaime.lara@example.com,fr 
138,Ryan Valenzuela,ryan.valenzuela@example.com,FR
139,Jerome Kerr,jerome.kerr@example.com,DE
140,Ellen Fisher,ellen.fisher@example.com,FR
141,Vanessa Parker,vanessa.parker@example.com,FR
142,Cory Wheeler,cory.wheeler@example.com,DE 
143,Ashley Hodges,ashley.hodges@example.com,fr 
144,John Davis,john.davis@example.com,DE 
145,Patricia Horton,patricia.horton@example.com,DE
146,Cory York,cory.york@example.com,ES
147,Tristan Hopkins,tristan.hopkins@example.com,ES
148,Nicole Harrison,nicole.harrison@example.com,DE 
149,Kaitlin Moore,kaitlin.moore@example.com,FR
150,Wanda Owen,wanda.owen@example.com,FR
151,Sarah Green,sarah.green@example.com,DE 
152,Virginia Howard,virginia.howard@example.com,DE 
153,Daryl Ortiz,daryl.ortiz@example.com,FR
154,Austin Small,austin.small@example.com,fr 
155,Jeffrey Williams,jeffrey.williams@example.com,fr 
156,Cynthia Davis,cynthia.davis@example.com,us
157,Michael Moore,michael.moore@example.com,us
158,Lauren Brown,lauren.brown@example.com,ES
159,Sara Clark,sara.clark@example.com,FR
160,Stephen Mosley,stephen.mosley@example.com,FR
161,Adam Leblanc,adam.leblanc@example.com,DE
162,Keith Gonzalez,keith.gonzalez@example.com,fr 
163,Joel Mccormick,joel.mccormick@example.com,DE 
164,Lisa Rangel,lisa.rangel@example.com,fr 
165,Michael Carter,michael.carter@example.com,DE 
166,Michelle Davis,michelle.davis@example.com,FR
167,Jonathan Harrington,jonathan.harrington@example.com,fr 
168,Timothy Holden,timothy.holden@example.com,us
169,Joe Hill,joe.hill@example.com,FR
170,Sherry Vasquez,sherry.vasquez@example.com,us
171,Tanya Diaz,tanya.diaz@example.com,FR
172,Frank Hall,frank.hall@example.com,ES
173,Gregory Chambers,gregory.chambers@example.com,us
174,Kelly Cooper,kelly.cooper@example.com,DE
175,Madison Cook,madison.cook@example.com,DE
176,James Brown,james.brown@example.com,us
177,Todd Sandoval,todd.sandoval@example.com,fr 
178,Kara Smith,kara.smith@example.com,fr 
179,Natasha Brady,natasha.brady@example.com,DE 
180,Emily Garcia,emily.garcia@example.com,DE 
181,Patrick Meyer,patrick.meyer@example.com,FR
182,Donald Pearson,donald.pearson@example.com,FR
183,Travis Clark,travis.clark@example.com,FR
184,Jason Wiggins,jason.wiggins@example.com,FR
185,Matthew Barber,matthew.barber@example.com,FR
186,Cynthia Terry,cynthia.terry@example.com,DE 
187,Lonnie Gomez,lonnie.gomez@example.com,FR
188,Debbie Mitchell,debbie.mitchell@example.com,FR
189,Kathleen Davis,kathleen.davis@example.com,FR
190,Jill Newman,jill.newman@example.com,FR
191,Jody Hunt,jody.hunt@example.com,FR
192,Daniel Snow,daniel.snow@example.com,FR
193,Christopher Potter,christopher.potter@example.com,FR
194,Edward Williams,edward.williams@example.com,fr 
195,Douglas Carpenter,douglas.carpenter@example.com,DE 
196,James Carter,james.carter@example.com,DE
197,Donna Brown,donna.brown@example.com,us
198,Jessica James,jessica.james@example.com,FR
199,Nicholas Mccormick,nicholas.mccormick@example.com,DE 
200,Stephanie Stone,stephanie.stone@example.com,FR
201,Victoria Ross,victoria.ross@example.com,FR
202,Christopher Smith,christopher.smith@example.com,FR
203,Clinton Barr,clinton.barr@example.com,fr 
204,William Williams,william.williams@example.com,FR
205,Harold Salas,harold.salas@example.com,DE 
206,Michael Butler,michael.butler@example.com,DE
207,Anita Knox,anita.knox@example.com,ES
208,Amber King,amber.king@example.com,ES
209,Alan Ramirez,alan.ramirez@example.com,fr 
210,Michael Phillips,michael.phillips@example.com,FR
211,Kayla Hamilton,kayla.hamilton@example.com,fr 
212,Adam Hansen,adam.hansen@example.com,FR
213,Rebecca Simmons,rebecca.simmons@example.com,FR
214,Veronica Wu,veronica.wu@example.com,us
215,Juan James,juan.james@example.com,FR
216,Samantha West,samantha.west@example.com,us
217,Ryan Strickland,ryan.strickland@example.com,FR
218,Christina Whitaker,christina.whitaker@example.com,FR
219,Nathaniel Costa,nathaniel.costa@example.com,DE 
220,Eric Howard,eric.howard@example.com,FR
221,Scott Gross,scott.gross@example.com,ES
222,Robert Hurley,robert.hurley@example.com,fr 
223,Susan Schmidt,susan.schmidt@example.com,FR
224,James Sanchez,james.sanchez@example.com,DE
225,Jesse Martin,jesse.martin@example.com,FR
226,Nancy Tyler,nancy.tyler@example.com,FR
227,Alexander Crawford,alexander.crawford@example.com,FR
228,Kara Anthony,kara.anthony@example.com,ES
229,Richard West,richard.west@example.com,fr 
230,James Cook,james.cook@example.com,ES
231,Lisa Kelley,lisa.kelley@example.com,DE 
232,Cheryl Miller,cheryl.miller@example.com,fr 
233,Lisa Jones,lisa.jones@example.com,fr 
234,Joshua Lee,joshua.lee@example.com,FR
235,Norma Davis,norma.davis@example.com,FR
236,Ashley Smith,ashley.smith@example.com,FR
237,Walter Neal,walter.neal@example.com,DE 
238,William Edwards,william.edwards@example.com,DE 
239,Adrian Bush,adrian.bush@example.com,FR
240,Leroy Perez,leroy.perez@example.com,FR
241,William Robinson,william.robinson@example.com,us
242,Jonathan Stewart,jonathan.stewart@example.com,FR
243,Jennifer Taylor,jennifer.taylor@example.com,DE 
244,Dennis Sanders,dennis.sanders@example.com,FR
245,Christopher Herrera,christopher.herrera@example.com,DE
246,Brandon Taylor,brandon.taylor@example.com,fr 
247,Kelsey Mcmillan,kelsey.mcmillan@example.com,FR
248,Brandon Clark,brandon.clark@example.com,DE 
249,Cynthia Turner,cynthia.turner@example.com,FR
250,Hannah Williams,hannah.williams@example.com,DE 
251,Ronald Anderson,ronald.anderson@example.com,DE
252,Rhonda Brown,rhonda.brown@example.com,DE
253,Connor James,connor.james@example.com,us
254,Cindy Diaz,cindy.diaz@example.com,ES
255,Molly Rodriguez,molly.rodriguez@example.com,ES
256,Morgan Gordon,morgan.gordon@example.com,FR
257,Joseph Kerr,joseph.kerr@example.com,ES
258,John Wood,john.wood@example.com,FR
259,Erin Foster,erin.foster@example.com,us
260,Sean Coleman,sean.coleman@example.com,DE 
261,Jennifer Brown,jennifer.brown@example.com,us
262,Justin Sheppard,justin.sheppard@example.com,DE
263,David Owen,david.owen@example.com,DE 
264,Marcus Wright,marcus.wright@example.com,FR
265,Kaitlin Roberts,kaitlin.roberts@example.com,FR
266,Amber Sanchez,amber.sanchez@example.com,FR
267,Brian Durham,brian.durham@example.com,DE
268,Andrea Williams,andrea.williams@example.com,fr 
269,Darryl Johnson,darryl.johnson@example.com,fr 
270,Susan Johnson PhD,susan.johnson.phd@example.com,ES
271,Michael Armstrong,michael.armstrong@example.com,us
272,Michaela Taylor,michaela.taylor@example.com,FR
273,Adam Mcdaniel,adam.mcdaniel@example.com,FR
274,Angela Howard,angela.howard@example.com,DE
275,Judy Duncan,judy.duncan@example.com,fr 
276,Kristina Stephens,kristina.stephens@example.com,FR
277,Dennis Warren,dennis.warren@example.com,fr 
278,Sherry Hart,sherry.hart@example.com,fr 
279,Levi Fisher,levi.fisher@example.com,FR
280,Brian Lee,brian.lee@example.com,DE
281,Joshua Bell,joshua.bell@example.com,DE 
282,Robert Robles,robert.robles@example.com,FR
283,Christopher Rodriguez,christopher.rodriguez@example.com,DE
284,Matthew Larson,matthew.larson@example.com,DE
285,Jordan Johnson,jordan.johnson@example.com,us
286,Cynthia Calderon,cynthia.calderon@example.com,FR
287,Andrew Grant,andrew.grant@example.com,DE 
288,Sarah Jackson,sarah.jackson@example.com,FR
289,Amanda Davis,amanda.davis@example.com,FR
290,Lisa Fox,lisa.fox@example.com,DE
291,Cindy Clark,cindy.clark@example.com,DE
292,Rachael Reed,rachael.reed@example.com,FR
293,Robert Greer,robert.greer@example.com,fr 
294,Autumn Hampton,autumn.hampton@example.com,DE
295,Scott Anderson MD,scott.anderson.md@example.com,DE
296,Erin Williams,erin.williams@example.com,us
297,James Pineda,james.pineda@example.com,FR
298,Scott Andrews,scott.andrews@example.com,us
299,Matthew George,matthew.george@example.com,us
300,Joshua Jones,joshua.jones@example.com,DE 
301,Jason Riggs,jason.riggs@example.com,us
302,Jerry Wilson Jr.,jerry.wilson.jr.@example.com,FR
303,Garrett Smith,garrett.smith@example.com,ES
304,Ms. Renee Shaffer,ms..renee.shaffer@example.com,FR
305,Claire Delgado,claire.delgado@example.com,FR
306,Kristin Hubbard,kristin.hubbard@example.com,us
307,Traci Harris,traci.harris@example.com,FR
308,Laura Guerrero,laura.guerrero@example.com,FR
309,Megan Howe,megan.howe@example.com,ES
310,Michael Martinez,michael.martinez@example.com,FR
311,Casey Jones,casey.jones@example.com,DE
312,Kenneth Smith,kenneth.smith@example.com,ES
313,Marcus Long,marcus.long@example.com,FR
314,Alexis Ferguson,alexis.ferguson@example.com,DE 
315,Claire Reyes,claire.reyes@example.com,us
316,Angela Mcmillan,angela.mcmillan@example.com,FR
317,Brian Harris,brian.harris@example.com,ES
318,Chris Johnson,chris.johnson@example.com,ES
319,Carlos Savage,carlos.savage@example.com,ES
320,Maria Johnson,maria.johnson@example.com,DE
321,Victoria Riggs,victoria.riggs@example.com,us
322,Alex Holmes,alex.holmes@example.com,ES
323,Terri Nelson,terri.nelson@example.com,DE
324,Timothy Cook,timothy.cook@example.com,us
325,Charles Murray,charles.murray@example.com,DE
326,Brandon Jackson DDS,brandon.jackson.dds@example.com,fr 
327,Tasha Gray,tasha.gray@example.com,DE 
328,Jane Mckee,jane.mckee@example.com,FR
329,Kristin Cook,kristin.cook@example.com,DE
330,Joseph Salazar,joseph.salazar@example.com,DE
331,Nicole Bond,nicole.bond@example.com,us
332,Sherri Willis,sherri.willis@example.com,FR
333,Sheri Roberts,sheri.roberts@example.com,FR
334,Jason Jones,jason.jones@example.com,ES
335,Allen Garcia,allen.garcia@example.com,ES
336,Joseph Quinn,joseph.quinn@example.com,FR
337,Corey Maldonado,corey.maldonado@example.com,DE
338,Peggy Vargas,peggy.vargas@example.com,ES
339,Timothy Frazier,timothy.frazier@example.com,us
340,Carlos Cruz,carlos.cruz@example.com,FR
341,Melissa Frederick,melissa.frederick@example.com,fr 
342,Brian Garcia,brian.garcia@example.com,FR
343,Keith Dickson,keith.dickson@example.com,DE 
344,Alisha Hill,alisha.hill@example.com,DE 
345,Dorothy Hall,dorothy.hall@example.com,FR
346,Melvin Hughes,melvin.hughes@example.com,FR
347,Edward Jackson,edward.jackson@example.com,DE
348,Margaret Cummings,margaret.cummings@example.com,FR
349,David Nichols,david.nichols@example.com,fr 
350,Richard Bishop,richard.bishop@example.com,FR
351,Andre Murray,andre.murray@example.com,FR
352,Jamie Nash,jamie.nash@example.com,DE
353,Christopher Stout,christopher.stout@example.com,us
354,James Haynes,james.haynes@example.com,us
355,Jessica Lowe,jessica.lowe@example.com,DE
356,Christopher Thornton,christopher.thornton@example.com,fr 
357,Shawn Jones,shawn.jones@example.com,us
358,Mrs. Shannon Fuentes,mrs..shannon.fuentes@example.com,FR
359,Jake Johnston,jake.johnston@example.com,DE
360,Matthew Mccarthy,matthew.mccarthy@example.com,ES
361,Derek Holloway,derek.holloway@example.com,fr 
362,Karen Barton,karen.barton@example.com,FR
363,Jennifer Gamble,jennifer.gamble@example.com,FR
364,Amy Goodman,amy.goodman@example.com,DE
365,Jennifer Arnold,jennifer.arnold@example.com,FR
366,Jonathan Terry DDS,jonathan.terry.dds@example.com,FR
367,Gregory Hernandez,gregory.hernandez@example.com,FR
368,Cynthia Perez,cynthia.perez@example.com,FR
369,Anne Gonzalez,anne.gonzalez@example.com,DE 
370,Christina Ortiz,christina.ortiz@example.com,us
371,Brad Bailey,brad.bailey@example.com,DE
372,Scott Bryant,scott.bryant@example.com,ES
373,Maria Moran,maria.moran@example.com,fr 
374,Mr. Victor Hines MD,mr..victor.hines.md@example.com,DE 
375,Steven Barnes,steven.barnes@example.com,FR
376,Timothy Rodriguez,timothy.rodriguez@example.com,us
377,Christina Mason,christina.mason@example.com,DE 
378,Lori George,lori.george@example.com,DE
379,Jonathan Madden,jonathan.madden@example.com,DE 
380,Patrick Klein,patrick.klein@example.com,FR
381,Tonya Scott,tonya.scott@example.com,ES
382,David Long,david.long@example.com,us
383,Christopher Martinez,christopher.martinez@example.com,us
384,Donna Fisher,donna.fisher@example.com,us
385,Joy Reid,joy.reid@example.com,FR
386,Yolanda Joseph,yolanda.joseph@example.com,FR
387,Patrick Blackwell,patrick.blackwell@example.com,FR
388,Matthew Lang,matthew.lang@example.com,DE
389,Scott Davis,scott.davis@example.com,ES
390,William Mitchell,william.mitchell@example.com,DE
391,Danielle Schultz,danielle.schultz@example.com,fr 
392,Monica Copeland,monica.copeland@example.com,FR
393,Kristina Gomez,kristina.gomez@example.com,FR
394,Stephanie Robles,stephanie.robles@example.com,fr 
395,Daniel Arroyo,daniel.arroyo@example.com,FR
396,Brandon Fuentes,brandon.fuentes@example.com,DE 
397,Mason Vincent,mason.vincent@example.com,FR
398,Matthew Wade,matthew.wade@example.com,us
399,Ronald Hawkins,ronald.hawkins@example.com,FR
400,Kelly Mayo,kelly.mayo@example.com,ES
401,Crystal Suarez,crystal.suarez@example.com,DE 
402,William Green,william.green@example.com,FR
403,Chelsea Brown,chelsea.brown@example.com,us
404,Nicole Ruiz,nicole.ruiz@example.com,ES
405,Eric Roman,eric.roman@example.com,fr 
406,Corey Adams,corey.adams@example.com,DE
407,Mr. Bradley Nelson,mr..bradley.nelson@example.com,DE
408,Nicole Hale,nicole.hale@example.com,DE
409,Seth Torres,seth.torres@example.com,DE 
410,Jacob Harrington,jacob.harrington@example.com,ES
411,Neil Barajas,neil.barajas@example.com,DE 
412,Isaiah Lee,isaiah.lee@example.com,FR
413,Mary Fleming,mary.fleming@example.com,FR
414,Mr. Brian Garcia,mr..brian.garcia@example.com,DE 
415,Jeffrey Hardy,jeffrey.hardy@example.com,ES
416,Daniel Martin,daniel.martin@example.com,DE
417,Jonathon Sanchez,jonathon.sanchez@example.com,FR
418,Richard Bowers,richard.bowers@example.com,DE
419,Janice Page,janice.page@example.com,DE
420,Cody Ellis,cody.ellis@example.com,FR
421,Christopher Hatfield,christopher.hatfield@example.com,FR
422,John Herring,john.herring@example.com,DE
423,Allen Jones,allen.jones@example.com,FR
424,Timothy Porter,timothy.porter@example.com,ES
425,Beth Ware,beth.ware@example.com,ES
426,Megan Gonzalez,megan.gonzalez@example.com,DE
427,David Christensen,david.christensen@example.com,us
428,Tiffany Thompson,tiffany.thompson@example.com,DE
429,Christopher Johnson,christopher.johnson@example.com,ES
430,William Smith,william.smith@example.com,FR
431,Mikayla Swanson,mikayla.swanson@example.com,DE
432,Heather Medina,heather.medina@example.com,us
433,Jennifer Smith,jennifer.smith@example.com,fr 
434,Patricia Brooks,patricia.brooks@example.com,FR
435,Kimberly Jones,kimberly.jones@example.com,FR
436,Renee Thomas,renee.thomas@example.com,DE 
437,Steven Sullivan,steven.sullivan@example.com,FR
438,Anne Anderson,anne.anderson@example.com,ES
439,Christina Rose,christina.rose@example.com,FR
440,Nicole Jones,nicole.jones@example.com,FR
441,Elizabeth Chandler,elizabeth.chandler@example.com,DE 
442,Kevin Mitchell,kevin.mitchell@example.com,FR
443,Debra Dixon,debra.dixon@example.com,us
444,Jennifer Johnson,jennifer.johnson@example.com,us
445,Frank White,frank.white@example.com,DE 
446,Michael Wilson,michael.wilson@example.com,ES
447,Christina Jones,christina.jones@example.com,FR
448,Melanie Macias,melanie.macias@example.com,fr 
449,Laura Peck,laura.peck@example.com,FR
450,James Moore,james.moore@example.com,DE
451,Stephanie Brown,stephanie.brown@example.com,us
452,Erin Martinez,erin.martinez@example.com,FR
453,Zachary Gilbert,zachary.gilbert@example.com,FR
454,Alyssa Dillon,alyssa.dillon@example.com,DE
455,Candice Jensen,candice.jensen@example.com,DE 
456,Daniel Garcia,daniel.garcia@example.com,fr 
457,Miss Marie Hamilton,miss.marie.hamilton@example.com,ES
458,Mathew Wood,mathew.wood@example.com,FR
459,Sally Guerrero,sally.guerrero@example.com,DE
460,Sean Martinez,sean.martinez@example.com,fr 
461,Edward Kelley,edward.kelley@example.com,DE
462,Thomas Dominguez,thomas.dominguez@example.com,ES
463,Tony Barnett,tony.barnett@example.com,FR
464,Rachel Baxter,rachel.baxter@example.com,FR
465,Samantha Wilson,samantha.wilson@example.com,us
466,Benjamin Nelson,benjamin.nelson@example.com,FR
467,Jessica Wright,jessica.wright@example.com,FR
468,Hunter Brooks,hunter.brooks@example.com,DE 
469,Matthew Johnson,matthew.johnson@example.com,DE 
470,Diana Mitchell,diana.mitchell@example.com,DE 
471,Jeff Perez,jeff.perez@example.com,FR
472,Christina Chavez,christina.chavez@example.com,ES
473,Rachel Bender,rachel.bender@example.com,DE 
474,Tara Lang,tara.lang@example.com,DE 
475,Rebecca Simpson,rebecca.simpson@example.com,DE 
476,Kendra Mathis,kendra.mathis@example.com,ES
477,Steven Tyler,steven.tyler@example.com,DE
478,Jessica Boone,jessica.boone@example.com,FR
479,Dakota George,dakota.george@example.com,us
480,Cassandra Garcia,cassandra.garcia@example.com,DE
481,Derek Weaver,derek.weaver@example.com,DE 
482,Ashley Solis,ashley.solis@example.com,fr 
483,Wendy Bell,wendy.bell@example.com,FR
484,Dr. Heather Mitchell,dr..heather.mitchell@example.com,FR
485,Robert Richardson,robert.richardson@example.com,FR
486,William Manning MD,william.manning.md@example.com,us
487,Cory Olson,cory.olson@example.com,FR
488,Brandon Wilson,brandon.wilson@example.com,us
489,Joshua Patel,joshua.patel@example.com,DE
490,Christopher Lucas,christopher.lucas@example.com,FR
491,Michael House,michael.house@example.com,FR
492,Tammy Jackson,tammy.jackson@example.com,fr 
493,Craig Berg,craig.berg@example.com,DE
494,Brian Black,brian.black@example.com,FR
495,James Ware,james.ware@example.com,DE
496,Megan Cohen,megan.cohen@example.com,DE 
497,Theresa Holden,theresa.holden@example.com,DE
498,Jessica Foster,jessica.foster@example.com,ES
499,Laura Adams,laura.adams@example.com,DE 
500,Barry Hood,barry.hood@example.com,FR
